﻿{"auto_termination": 0,
  "batch_size": 2,
  "class_name": "background,Cultivated_land",
  "dataset_id": "",
  "epochs": 100,
  "gpu_num": 1,
  "label": "[{\"class_name\":\"background\",\"class_value\":0,\"class_title\":\"背景\",\"class_color\":\"0,0,0\"},{\"class_name\":\"Cultivated_land\",\"class_value\":255,\"class_title\":\"耕地\",\"class_color\":\"255,255,255\"}]",
  "learning_rate": 0.001,
  "load_size": "1024,1024",
  "model_name": "DeeplabV3",
  "n_class": "2",
  "outputs_path": "",
  "resume_path": "",
  "training_id": ""
}